,Country,Year,gross_production_value,Unit
0,Angola,2010,5.088878,USD
1,Angola,2011,7.161055999999999,USD
2,Angola,2012,9.031824,USD
3,Angola,2013,10.110391,USD
4,Belize,1998,0.137547,USD
5,Belize,1999,0.10142999999999999,USD
6,Belize,2000,0.241148,USD
7,Belize,2001,0.332737,USD
8,Belize,2002,0.337776,USD
9,Belize,2003,0.340752,USD
10,Belize,2004,0.331646,USD
11,Belize,2005,0.073539,USD
12,Belize,2006,0.144496,USD
13,Belize,2007,0.082876,USD
14,Belize,2008,0.152252,USD
15,Belize,2009,0.154052,USD
16,Belize,2010,0.137955,USD
17,Belize,2011,0.151557,USD
18,Belize,2012,0.168377,USD
19,Belize,2013,0.163744,USD
20,Bolivia (Plurinational State of),1991,8.449025,USD
21,Bolivia (Plurinational State of),1992,6.825753999999999,USD
22,Bolivia (Plurinational State of),1993,6.497733,USD
23,Bolivia (Plurinational State of),1994,18.328018,USD
24,Bolivia (Plurinational State of),1995,19.817748,USD
25,Bolivia (Plurinational State of),1996,21.808444,USD
26,Bolivia (Plurinational State of),1997,22.645614000000002,USD
27,Bolivia (Plurinational State of),1998,22.245210999999998,USD
28,Bolivia (Plurinational State of),1999,26.122903,USD
29,Bolivia (Plurinational State of),2000,25.386896,USD
30,Bolivia (Plurinational State of),2001,20.951110999999997,USD
31,Bolivia (Plurinational State of),2002,19.736897,USD
32,Bolivia (Plurinational State of),2003,18.540238000000002,USD
33,Bolivia (Plurinational State of),2004,18.887352,USD
34,Bolivia (Plurinational State of),2005,19.588637,USD
35,Bolivia (Plurinational State of),2006,24.222472,USD
36,Bolivia (Plurinational State of),2007,25.477393,USD
37,Bolivia (Plurinational State of),2008,36.987356,USD
38,Bolivia (Plurinational State of),2009,33.160388,USD
39,Bolivia (Plurinational State of),2010,35.51943,USD
40,Bolivia (Plurinational State of),2011,37.270742,USD
41,Bolivia (Plurinational State of),2012,38.654104,USD
42,Bolivia (Plurinational State of),2013,41.257134,USD
43,Brazil,1991,487.53373600000003,USD
44,Brazil,1992,390.716031,USD
45,Brazil,1993,533.124619,USD
46,Brazil,1994,1648.165117,USD
47,Brazil,1995,1042.981019,USD
48,Brazil,1996,1276.426875,USD
49,Brazil,1997,1536.222937,USD
50,Brazil,1998,1831.2726469999998,USD
51,Brazil,1999,1183.0015560000002,USD
52,Brazil,2000,1288.170969,USD
53,Brazil,2001,696.1910349999999,USD
54,Brazil,2002,808.983063,USD
55,Brazil,2003,855.530248,USD
56,Brazil,2004,1256.659952,USD
57,Brazil,2005,1627.111813,USD
58,Brazil,2006,2074.118882,USD
59,Brazil,2007,2657.611444,USD
60,Brazil,2008,4371.021429,USD
61,Brazil,2009,4644.51049,USD
62,Brazil,2010,7187.406184,USD
63,Brazil,2011,10855.194229,USD
64,Brazil,2012,9209.750164000001,USD
65,Brazil,2013,6897.724447,USD
66,Burundi,1991,82.44194300000001,USD
67,Burundi,1992,78.16300600000001,USD
68,Burundi,1993,42.614507,USD
69,Burundi,1994,73.544155,USD
70,Burundi,1995,61.297858999999995,USD
71,Burundi,1996,64.358677,USD
72,Burundi,1997,48.082114000000004,USD
73,Burundi,1998,38.766675,USD
74,Burundi,1999,46.339217,USD
75,Burundi,2000,94.02226,USD
76,Burundi,2001,73.71085500000001,USD
77,Burundi,2002,612.4609059999999,USD
78,Burundi,2003,31.096753000000003,USD
79,Burundi,2004,239.637215,USD
80,Burundi,2005,59.499626,USD
81,Burundi,2006,287.315909,USD
82,Burundi,2007,5.9090300000000004,USD
83,Burundi,2008,21.184907,USD
84,Burundi,2009,5.003418,USD
85,Burundi,2010,21.928122000000002,USD
86,Burundi,2011,16.303889,USD
87,Burundi,2012,11.503733,USD
88,Burundi,2013,6.765280000000001,USD
89,Cambodia,1991,0.49031199999999997,USD
90,Cambodia,1992,0.320359,USD
91,Cambodia,1993,0.41158199999999995,USD
92,Cambodia,1994,0.441046,USD
93,Cambodia,1995,0.537776,USD
94,Cambodia,1996,0.688812,USD
95,Cambodia,1997,0.936105,USD
96,Cambodia,1998,1.136946,USD
97,Cambodia,1999,1.16754,USD
98,Cambodia,2000,1.06503,USD
99,Cambodia,2001,1.049175,USD
100,Cambodia,2002,1.051052,USD
101,Cambodia,2003,1.0625040000000001,USD
102,Cambodia,2004,1.133218,USD
103,Cambodia,2005,1.220595,USD
104,Cambodia,2006,1.225757,USD
105,Cambodia,2007,1.4775340000000001,USD
106,Cambodia,2008,1.905663,USD
107,Cambodia,2009,1.929499,USD
108,Cambodia,2010,2.073671,USD
109,Cambodia,2011,2.330474,USD
110,Cambodia,2012,2.397785,USD
111,Cambodia,2013,2.4376330000000004,USD
112,Cameroon,1991,67.308525,USD
113,Cameroon,1992,35.985248,USD
114,Cameroon,1993,30.202171999999997,USD
115,Cameroon,1994,53.128513,USD
116,Cameroon,1995,66.713623,USD
117,Cameroon,1996,91.592664,USD
118,Cameroon,1997,46.310465,USD
119,Cameroon,1998,81.067813,USD
120,Cameroon,1999,67.646676,USD
121,Cameroon,2000,42.375008,USD
122,Cameroon,2001,33.37225,USD
123,Cameroon,2002,22.229419,USD
124,Cameroon,2003,37.114643,USD
125,Cameroon,2004,48.40885,USD
126,Cameroon,2005,45.784756,USD
127,Cameroon,2006,36.815957,USD
128,Cameroon,2007,39.389001,USD
129,Cameroon,2008,44.049746,USD
130,Cameroon,2009,42.974312,USD
131,Cameroon,2010,61.281229,USD
132,Cameroon,2011,27.847284000000002,USD
133,Cameroon,2012,35.614734000000006,USD
134,Cameroon,2013,42.933116,USD
135,China,1991,2.892893,USD
136,China,1992,3.413707,USD
137,China,1993,3.8243940000000003,USD
138,China,1994,2.311909,USD
139,China,1995,2.825014,USD
140,China,1996,2.742968,USD
141,China,1997,2.9558720000000003,USD
142,China,1998,5.166513,USD
143,China,1999,7.0254509999999994,USD
144,China,2000,9.323145,USD
145,China,2001,14.572844,USD
146,China,2002,17.046712,USD
147,China,2003,20.778338,USD
148,China,2004,24.847189,USD
149,China,2005,30.91995,USD
150,China,2006,43.834144,USD
151,China,2007,53.614830000000005,USD
152,China,2008,85.01521600000001,USD
153,China,2009,204.223489,USD
154,China,2010,160.283214,USD
155,China,2011,239.316081,USD
156,China,2012,357.32716600000003,USD
157,China,2013,307.349592,USD
158,"China, mainland",1991,2.892893,USD
159,"China, mainland",1992,3.413707,USD
160,"China, mainland",1993,3.8243940000000003,USD
161,"China, mainland",1994,2.311909,USD
162,"China, mainland",1995,2.825014,USD
163,"China, mainland",1996,2.742968,USD
164,"China, mainland",1997,2.9558720000000003,USD
165,"China, mainland",1998,5.166513,USD
166,"China, mainland",1999,7.0254509999999994,USD
167,"China, mainland",2000,9.323145,USD
168,"China, mainland",2001,14.572844,USD
169,"China, mainland",2002,17.046712,USD
170,"China, mainland",2003,20.778338,USD
171,"China, mainland",2004,24.847189,USD
172,"China, mainland",2005,30.91995,USD
173,"China, mainland",2006,43.834144,USD
174,"China, mainland",2007,53.614830000000005,USD
175,"China, mainland",2008,85.01521600000001,USD
176,"China, mainland",2009,204.223489,USD
177,"China, mainland",2010,160.283214,USD
178,"China, mainland",2011,239.316081,USD
179,"China, mainland",2012,357.32716600000003,USD
180,"China, mainland",2013,307.349592,USD
181,Colombia,1991,1170.313022,USD
182,Colombia,1992,1080.5028960000002,USD
183,Colombia,1993,738.803922,USD
184,Colombia,1994,1102.5259529999998,USD
185,Colombia,1995,1471.872319,USD
186,Colombia,1996,1113.4094810000001,USD
187,Colombia,1997,1517.165267,USD
188,Colombia,1998,1401.447561,USD
189,Colombia,1999,847.673194,USD
190,Colombia,2000,858.8700970000001,USD
191,Colombia,2001,688.7628990000001,USD
192,Colombia,2002,663.116269,USD
193,Colombia,2003,611.960164,USD
194,Colombia,2004,742.82258,USD
195,Colombia,2005,1075.8940109999999,USD
196,Colombia,2006,1172.2206039999999,USD
197,Colombia,2007,1369.232078,USD
198,Colombia,2008,1416.36061,USD
199,Colombia,2009,1166.629542,USD
200,Colombia,2010,1733.00309,USD
201,Colombia,2011,2007.355799,USD
202,Colombia,2012,1388.863245,USD
203,Colombia,2013,1345.254536,USD
204,Congo,1991,0.571113,USD
205,Congo,1992,0.6299779999999999,USD
206,Congo,1993,0.609597,USD
207,Congo,1994,0.32167399999999996,USD
208,Congo,1995,0.37001,USD
209,Congo,1996,0.359689,USD
210,Congo,1997,0.263625,USD
211,Congo,1998,0.288159,USD
212,Congo,1999,2.031775,USD
213,Congo,2000,0.468063,USD
214,Congo,2001,0.461804,USD
215,Congo,2002,2.237866,USD
216,Congo,2003,0.550585,USD
217,Congo,2004,0.9446540000000001,USD
218,Congo,2005,1.154509,USD
219,Congo,2006,1.1111309999999999,USD
220,Congo,2007,1.370236,USD
221,Congo,2008,1.3142690000000001,USD
222,Congo,2009,1.43234,USD
223,Congo,2010,1.416369,USD
224,Congo,2011,1.6814759999999997,USD
225,Congo,2012,1.501383,USD
226,Congo,2013,1.679325,USD
227,Cook Islands,1991,0.0043939999999999995,USD
228,Cook Islands,1992,0.010227,USD
229,Cook Islands,1993,0.008232,USD
230,Cook Islands,1994,0.018064,USD
231,Cook Islands,1995,0.049980000000000004,USD
232,Cook Islands,1996,0.05388099999999999,USD
233,Cook Islands,1997,0.06252,USD
234,Cook Islands,1998,0.029809,USD
235,Cook Islands,1999,0.011455,USD
236,Cook Islands,2000,0.012486,USD
237,Cook Islands,2001,0.009101,USD
238,Cook Islands,2002,0.009208,USD
239,Cook Islands,2003,0.0042450000000000005,USD
240,Cook Islands,2005,0.0001,USD
241,Cook Islands,2008,7.4e-05,USD
242,Cook Islands,2009,0.000168,USD
243,Cook Islands,2010,0.000205,USD
244,Cook Islands,2011,0.000234,USD
245,Cook Islands,2012,0.00025299999999999997,USD
246,Cook Islands,2013,0.00031299999999999996,USD
247,Costa Rica,1991,188.76904199999998,USD
248,Costa Rica,1992,180.883141,USD
249,Costa Rica,1993,140.882744,USD
250,Costa Rica,1994,191.250039,USD
251,Costa Rica,1995,152.23334499999999,USD
252,Costa Rica,1996,183.200594,USD
253,Costa Rica,1997,162.309249,USD
254,Costa Rica,1998,148.058535,USD
255,Costa Rica,1999,130.734323,USD
256,Costa Rica,2000,86.716122,USD
257,Costa Rica,2001,78.377021,USD
258,Costa Rica,2002,85.236364,USD
259,Costa Rica,2003,67.587535,USD
260,Costa Rica,2004,74.56270500000001,USD
261,Costa Rica,2005,103.93440799999999,USD
262,Costa Rica,2006,95.71701,USD
263,Costa Rica,2007,126.084946,USD
264,Costa Rica,2008,127.44979599999999,USD
265,Costa Rica,2009,103.29238199999999,USD
266,Costa Rica,2010,126.903278,USD
267,Costa Rica,2011,190.163352,USD
268,Costa Rica,2012,223.04399500000002,USD
269,Costa Rica,2013,95.783452,USD
270,Côte d'Ivoire,1991,274.982666,USD
271,Côte d'Ivoire,1992,225.25820499999998,USD
272,Côte d'Ivoire,1993,98.132317,USD
273,Côte d'Ivoire,1994,138.967268,USD
274,Côte d'Ivoire,1995,273.42087599999996,USD
275,Côte d'Ivoire,1996,229.595625,USD
276,Côte d'Ivoire,1997,267.895914,USD
277,Côte d'Ivoire,1998,274.124101,USD
278,Côte d'Ivoire,1999,259.562036,USD
279,Côte d'Ivoire,2000,169.724757,USD
280,Côte d'Ivoire,2001,98.179498,USD
281,Côte d'Ivoire,2002,61.103235,USD
282,Côte d'Ivoire,2003,56.376979000000006,USD
283,Côte d'Ivoire,2004,103.540276,USD
284,Côte d'Ivoire,2005,109.011323,USD
285,Côte d'Ivoire,2006,148.415506,USD
286,Côte d'Ivoire,2007,159.70301899999998,USD
287,Côte d'Ivoire,2008,240.84691400000003,USD
288,Côte d'Ivoire,2009,122.000228,USD
289,Côte d'Ivoire,2010,75.83646,USD
290,Côte d'Ivoire,2011,30.657781,USD
291,Côte d'Ivoire,2012,96.23625,USD
292,Côte d'Ivoire,2013,87.68162199999999,USD
293,Dominican Republic,1991,77.11764699999999,USD
294,Dominican Republic,1992,58.921528,USD
295,Dominican Republic,1993,44.944594,USD
296,Dominican Republic,1994,65.705698,USD
297,Dominican Republic,1995,85.127475,USD
298,Dominican Republic,1996,77.118128,USD
299,Dominican Republic,1997,80.674962,USD
300,Dominican Republic,1998,107.96595,USD
301,Dominican Republic,1999,54.770136,USD
302,Dominican Republic,2000,64.495734,USD
303,Dominican Republic,2001,28.84855,USD
304,Dominican Republic,2002,36.989945,USD
305,Dominican Republic,2003,34.768759,USD
306,Dominican Republic,2004,42.662709,USD
307,Dominican Republic,2005,71.040379,USD
308,Dominican Republic,2006,59.427977,USD
309,Dominican Republic,2007,68.741579,USD
310,Dominican Republic,2008,62.214668,USD
311,Dominican Republic,2009,72.45646500000001,USD
312,Dominican Republic,2010,56.086206000000004,USD
313,Dominican Republic,2011,62.579191,USD
314,Dominican Republic,2012,81.817764,USD
315,Dominican Republic,2013,58.003751,USD
316,Ecuador,1991,13.539475,USD
317,Ecuador,1992,11.599834,USD
318,Ecuador,1993,15.27793,USD
319,Ecuador,1994,30.291898,USD
320,Ecuador,1995,48.405846000000004,USD
321,Ecuador,1996,32.666589,USD
322,Ecuador,1997,35.797546999999994,USD
323,Ecuador,1998,7.212699000000001,USD
324,Ecuador,1999,15.465257999999999,USD
325,Ecuador,2000,35.335679999999996,USD
326,Ecuador,2001,179.6211,USD
327,Ecuador,2002,16.3275,USD
328,Ecuador,2003,18.155829999999998,USD
329,Ecuador,2004,18.965828,USD
330,Ecuador,2005,42.233175,USD
331,Ecuador,2006,22.346748,USD
332,Ecuador,2007,43.681492,USD
333,Ecuador,2008,29.419194,USD
334,Ecuador,2009,35.997854,USD
335,Ecuador,2010,52.675499,USD
336,Ecuador,2011,32.652879,USD
337,Ecuador,2012,11.649649,USD
338,Ecuador,2013,13.269445000000001,USD
339,El Salvador,1991,156.875894,USD
340,El Salvador,1992,123.622251,USD
341,El Salvador,1993,108.76154,USD
342,El Salvador,1994,304.38903700000003,USD
343,El Salvador,1995,305.094633,USD
344,El Salvador,1996,242.95217000000002,USD
345,El Salvador,1997,338.19966400000004,USD
346,El Salvador,1998,216.862635,USD
347,El Salvador,1999,199.108903,USD
348,El Salvador,2000,110.555581,USD
349,El Salvador,2001,43.046715,USD
350,El Salvador,2002,43.497436,USD
351,El Salvador,2003,45.373719,USD
352,El Salvador,2004,72.53648000000001,USD
353,El Salvador,2005,183.40381599999998,USD
354,El Salvador,2006,207.230232,USD
355,El Salvador,2007,160.278559,USD
356,El Salvador,2008,205.066986,USD
357,El Salvador,2009,134.80016,USD
358,El Salvador,2010,333.425087,USD
359,El Salvador,2011,341.54803799999996,USD
360,El Salvador,2012,255.93854,USD
361,Equatorial Guinea,1991,3.19028,USD
362,Equatorial Guinea,1992,3.116832,USD
363,Equatorial Guinea,1993,2.820312,USD
364,Equatorial Guinea,1994,1.1257110000000001,USD
365,Equatorial Guinea,1995,5.409212999999999,USD
366,Equatorial Guinea,1996,5.864502,USD
367,Equatorial Guinea,1997,4.283247,USD
368,Equatorial Guinea,1998,3.390108,USD
369,Equatorial Guinea,1999,1.9896080000000003,USD
370,Equatorial Guinea,2000,2.4579470000000003,USD
371,Equatorial Guinea,2001,2.046277,USD
372,Equatorial Guinea,2002,2.1521169999999996,USD
373,Equatorial Guinea,2003,3.0110099999999997,USD
374,Equatorial Guinea,2004,3.417881,USD
375,Equatorial Guinea,2005,4.958143,USD
376,Equatorial Guinea,2006,6.466334,USD
377,Equatorial Guinea,2007,7.578089,USD
378,Equatorial Guinea,2008,9.881202,USD
379,Equatorial Guinea,2009,8.602494,USD
380,Equatorial Guinea,2010,8.001199,USD
381,Equatorial Guinea,2011,9.969014999999999,USD
382,Equatorial Guinea,2012,9.488785,USD
383,Equatorial Guinea,2013,9.642053,USD
384,Ethiopia,1993,149.4,USD
385,Ethiopia,1994,196.96248899999998,USD
386,Ethiopia,1995,205.021413,USD
387,Ethiopia,1996,127.451357,USD
388,Ethiopia,1997,127.09443700000001,USD
389,Ethiopia,1998,150.930359,USD
390,Ethiopia,1999,203.97274099999998,USD
391,Ethiopia,2000,202.908918,USD
392,Ethiopia,2001,146.98164599999998,USD
393,Ethiopia,2002,83.289078,USD
394,Ethiopia,2003,84.22625500000001,USD
395,Ethiopia,2004,176.46831699999998,USD
396,Ethiopia,2005,246.89760299999998,USD
397,Ethiopia,2006,397.027655,USD
398,Ethiopia,2007,501.975994,USD
399,Ethiopia,2008,598.3437849999999,USD
400,Ethiopia,2009,522.87878,USD
401,Ethiopia,2010,467.289496,USD
402,Ethiopia,2011,421.009065,USD
403,Ethiopia,2012,416.80181699999997,USD
404,Ethiopia,2013,544.641823,USD
405,Ethiopia PDR,1991,172.759492,USD
406,Ethiopia PDR,1992,127.477552,USD
407,Ghana,1991,1.876871,USD
408,Ghana,1992,1.7140830000000002,USD
409,Ghana,1993,3.576318,USD
410,Ghana,1994,2.66825,USD
411,Ghana,1995,7.155846,USD
412,Ghana,1996,8.708497,USD
413,Ghana,1997,2.3437930000000002,USD
414,Ghana,1998,8.931249000000001,USD
415,Ghana,1999,4.5849400000000005,USD
416,Ghana,2000,1.10677,USD
417,Ghana,2001,0.916767,USD
418,Ghana,2002,1.569701,USD
419,Ghana,2003,1.204181,USD
420,Ghana,2004,1.6603459999999999,USD
421,Ghana,2005,1.986264,USD
422,Ghana,2006,3.075455,USD
423,Ghana,2007,3.7485699999999995,USD
424,Ghana,2008,3.336621,USD
425,Ghana,2009,2.5747299999999997,USD
426,Ghana,2010,1.7404560000000002,USD
427,Ghana,2011,0.777043,USD
428,Ghana,2012,0.691547,USD
429,Ghana,2013,0.78045,USD
430,Guinea,1991,17.90788,USD
431,Guinea,1992,15.966717000000001,USD
432,Guinea,1993,15.070796,USD
433,Guinea,1994,15.358837,USD
434,Guinea,1995,14.121281,USD
435,Guinea,1996,11.329494,USD
436,Guinea,1997,9.244321000000001,USD
437,Guinea,1998,29.343441,USD
438,Guinea,1999,19.707448,USD
439,Guinea,2000,14.476938,USD
440,Guinea,2001,5.83951,USD
441,Guinea,2002,8.075215,USD
442,Guinea,2003,10.138669,USD
443,Guinea,2004,9.959793,USD
444,Guinea,2005,4.801303,USD
445,Guinea,2006,4.193614,USD
446,Guinea,2007,9.278630999999999,USD
447,Guinea,2008,8.802764999999999,USD
448,Guinea,2009,9.161533,USD
449,Guinea,2010,7.252503999999999,USD
450,Guinea,2011,5.976614,USD
451,Guinea,2012,3.750054,USD
452,Guinea,2013,4.20785,USD
453,Honduras,1991,103.94696400000001,USD
454,Honduras,1992,105.975029,USD
455,Honduras,1993,137.546775,USD
456,Honduras,1994,291.792098,USD
457,Honduras,1995,244.376271,USD
458,Honduras,1996,293.43101,USD
459,Honduras,1997,374.889064,USD
460,Honduras,1998,300.23699799999997,USD
461,Honduras,1999,220.921519,USD
462,Honduras,2000,283.07480400000003,USD
463,Honduras,2001,314.434568,USD
464,Honduras,2002,145.468625,USD
465,Honduras,2003,164.346829,USD
466,Honduras,2004,246.02459100000002,USD
467,Honduras,2005,334.05936,USD
468,Honduras,2006,447.731798,USD
469,Honduras,2007,550.263719,USD
470,Honduras,2008,572.934356,USD
471,Honduras,2009,525.3646980000001,USD
472,Honduras,2010,634.037112,USD
473,Honduras,2011,949.366451,USD
474,Honduras,2012,1002.924843,USD
475,Honduras,2013,682.157255,USD
476,India,1991,215.579394,USD
477,India,1992,191.70862,USD
478,India,1993,142.830431,USD
479,India,1994,237.510715,USD
480,India,1995,198.328701,USD
481,India,1996,373.005372,USD
482,India,1997,348.829766,USD
483,India,1998,423.26536,USD
484,India,1999,428.48267300000003,USD
485,India,2000,407.148076,USD
486,India,2001,359.32014100000004,USD
487,India,2002,352.324348,USD
488,India,2003,330.424898,USD
489,India,2004,353.713848,USD
490,India,2005,403.047108,USD
491,India,2006,415.4993,USD
492,India,2007,588.201557,USD
493,India,2008,501.492867,USD
494,India,2009,498.497361,USD
495,India,2010,685.933585,USD
496,India,2011,764.249917,USD
497,India,2012,753.052881,USD
498,India,2013,665.74802,USD
499,Indonesia,1991,444.233705,USD
500,Indonesia,1992,416.38254700000005,USD
501,Indonesia,1993,406.009448,USD
502,Indonesia,1994,649.838639,USD
503,Indonesia,1995,886.6223689999999,USD
504,Indonesia,1996,694.116313,USD
505,Indonesia,1997,572.555534,USD
506,Indonesia,1998,296.110044,USD
507,Indonesia,1999,545.853759,USD
508,Indonesia,2000,508.80857000000003,USD
509,Indonesia,2001,434.210232,USD
510,Indonesia,2002,396.184234,USD
511,Indonesia,2003,438.48843600000004,USD
512,Indonesia,2004,418.17630099999997,USD
513,Indonesia,2005,421.38095400000003,USD
514,Indonesia,2006,585.186053,USD
515,Indonesia,2007,814.8300849999999,USD
516,Indonesia,2008,987.5435269999999,USD
517,Indonesia,2009,920.2111269999999,USD
518,Indonesia,2010,1051.242624,USD
519,Indonesia,2011,1141.1094380000002,USD
520,Indonesia,2012,1207.99625,USD
521,Indonesia,2013,1069.1025710000001,USD
522,Jamaica,1991,2.738625,USD
523,Jamaica,1992,2.999787,USD
524,Jamaica,1993,1.7923490000000002,USD
525,Jamaica,1994,2.438889,USD
526,Jamaica,1995,3.071366,USD
527,Jamaica,1996,3.9385779999999997,USD
528,Jamaica,1997,4.620737,USD
529,Jamaica,1998,2.88045,USD
530,Jamaica,1999,3.626314,USD
531,Jamaica,2000,3.131061,USD
532,Jamaica,2001,4.026117,USD
533,Jamaica,2002,3.904319,USD
534,Jamaica,2003,3.91431,USD
535,Jamaica,2004,3.6024510000000003,USD
536,Jamaica,2005,15.746709,USD
537,Jamaica,2006,22.504943,USD
538,Jamaica,2007,27.306907,USD
539,Jamaica,2008,15.52108,USD
540,Jamaica,2009,17.712611,USD
541,Jamaica,2010,12.260652,USD
542,Jamaica,2011,10.718869,USD
543,Jamaica,2012,9.13589,USD
544,Jamaica,2013,8.959964999999999,USD
545,Kenya,1991,146.178402,USD
546,Kenya,1992,109.77298600000002,USD
547,Kenya,1993,128.00371299999998,USD
548,Kenya,1994,205.668045,USD
549,Kenya,1995,296.162033,USD
550,Kenya,1996,238.666422,USD
551,Kenya,1997,293.937028,USD
552,Kenya,1998,228.84179,USD
553,Kenya,1999,151.373538,USD
554,Kenya,2000,152.138871,USD
555,Kenya,2001,77.49485899999999,USD
556,Kenya,2002,78.842067,USD
557,Kenya,2003,71.036016,USD
558,Kenya,2004,89.251327,USD
559,Kenya,2005,71.106412,USD
560,Kenya,2006,132.892461,USD
561,Kenya,2007,137.87216999999998,USD
562,Kenya,2008,107.59903999999999,USD
563,Kenya,2009,136.44087199999998,USD
564,Kenya,2010,210.32506800000002,USD
565,Kenya,2011,243.00413700000001,USD
566,Kenya,2012,193.53897,USD
567,Kenya,2013,131.28930400000002,USD
568,Lao People's Democratic Republic,1991,9.135098,USD
569,Lao People's Democratic Republic,1992,7.537167999999999,USD
570,Lao People's Democratic Republic,1993,9.151721,USD
571,Lao People's Democratic Republic,1994,11.280111999999999,USD
572,Lao People's Democratic Republic,1995,9.932808999999999,USD
573,Lao People's Democratic Republic,1996,13.641991,USD
574,Lao People's Democratic Republic,1997,18.324814,USD
575,Lao People's Democratic Republic,1998,11.853775,USD
576,Lao People's Democratic Republic,1999,8.947624000000001,USD
577,Lao People's Democratic Republic,2000,13.639435,USD
578,Lao People's Democratic Republic,2001,5.99198,USD
579,Lao People's Democratic Republic,2002,10.085241,USD
580,Lao People's Democratic Republic,2003,8.490734,USD
581,Lao People's Democratic Republic,2004,7.189322,USD
582,Lao People's Democratic Republic,2005,7.899141,USD
583,Lao People's Democratic Republic,2006,8.546502,USD
584,Lao People's Democratic Republic,2007,12.138597,USD
585,Lao People's Democratic Republic,2008,15.975831,USD
586,Lao People's Democratic Republic,2009,19.76074,USD
587,Lao People's Democratic Republic,2010,20.894011,USD
588,Lao People's Democratic Republic,2011,24.612285,USD
589,Lao People's Democratic Republic,2012,43.6227,USD
590,Lao People's Democratic Republic,2013,49.729193,USD
591,Madagascar,1991,45.694033000000005,USD
592,Madagascar,1992,21.427958,USD
593,Madagascar,1993,20.378491,USD
594,Madagascar,1994,187.133079,USD
595,Madagascar,1995,95.648202,USD
596,Madagascar,1996,76.518282,USD
597,Madagascar,1997,54.018104,USD
598,Madagascar,1998,71.672753,USD
599,Madagascar,1999,56.892553,USD
600,Madagascar,2000,22.742879000000002,USD
601,Madagascar,2001,19.490751,USD
602,Madagascar,2002,13.020857000000001,USD
603,Madagascar,2003,23.54191,USD
604,Madagascar,2004,11.3736,USD
605,Madagascar,2005,9.602697000000001,USD
606,Madagascar,2006,52.270740999999994,USD
607,Madagascar,2007,68.42554799999999,USD
608,Madagascar,2008,87.272892,USD
609,Madagascar,2009,111.03861100000002,USD
610,Madagascar,2010,74.41058699999999,USD
611,Madagascar,2011,83.659746,USD
612,Madagascar,2012,72.481581,USD
613,Madagascar,2013,74.714067,USD
614,Malawi,1996,3.3585300000000005,USD
615,Malawi,1997,4.0950050000000005,USD
616,Malawi,1998,3.089283,USD
617,Malawi,1999,3.345276,USD
618,Malawi,2000,3.438285,USD
619,Malawi,2001,5.5879650000000005,USD
620,Malawi,2002,4.2091400000000005,USD
621,Malawi,2003,3.600561,USD
622,Malawi,2004,2.482108,USD
623,Malawi,2005,1.886234,USD
624,Malawi,2006,2.970088,USD
625,Malawi,2007,1.7211310000000002,USD
626,Malawi,2008,1.731277,USD
627,Malawi,2009,11.881295,USD
628,Malawi,2010,8.7138,USD
629,Malawi,2011,7.794786,USD
630,Malawi,2012,5.054683,USD
631,Malawi,2013,2.914466,USD
632,Malaysia,1991,8.569828999999999,USD
633,Malaysia,1992,11.016010000000001,USD
634,Malaysia,1993,13.635160999999998,USD
635,Malaysia,1994,13.704147,USD
636,Malaysia,1995,14.623558,USD
637,Malaysia,1996,19.543372,USD
638,Malaysia,1997,23.382694,USD
639,Malaysia,1998,24.401338,USD
640,Malaysia,1999,31.509210999999997,USD
641,Malaysia,2000,37.558632,USD
642,Malaysia,2001,35.288289,USD
643,Malaysia,2002,37.312211,USD
644,Malaysia,2003,39.410526000000004,USD
645,Malaysia,2004,41.610490999999996,USD
646,Malaysia,2005,42.581804999999996,USD
647,Malaysia,2006,40.206401,USD
648,Malaysia,2007,37.792441,USD
649,Malaysia,2008,48.535322,USD
650,Malaysia,2009,26.350776,USD
651,Malaysia,2010,37.514883000000005,USD
652,Malaysia,2011,46.829106,USD
653,Malaysia,2012,28.702902,USD
654,Malaysia,2013,37.308902,USD
655,Mexico,1991,101.348035,USD
656,Mexico,1992,68.681421,USD
657,Mexico,1993,64.95763199999999,USD
658,Mexico,1994,77.58887299999999,USD
659,Mexico,1995,112.583199,USD
660,Mexico,1996,151.488806,USD
661,Mexico,1997,178.472159,USD
662,Mexico,1998,127.573535,USD
663,Mexico,1999,132.534979,USD
664,Mexico,2000,103.143807,USD
665,Mexico,2001,60.162388,USD
666,Mexico,2002,52.387512,USD
667,Mexico,2003,52.439152,USD
668,Mexico,2004,46.366589000000005,USD
669,Mexico,2005,61.058583,USD
670,Mexico,2006,68.458898,USD
671,Mexico,2007,81.968886,USD
672,Mexico,2008,91.683534,USD
673,Mexico,2009,72.839287,USD
674,Mexico,2010,83.447599,USD
675,Mexico,2011,101.004242,USD
676,Mexico,2012,120.88832,USD
677,Mexico,2013,87.356284,USD
678,Mozambique,1991,0.5587810000000001,USD
679,Mozambique,1992,0.359211,USD
680,Mozambique,1993,0.503325,USD
681,Mozambique,1994,0.364324,USD
682,Mozambique,1995,0.299191,USD
683,Mozambique,1996,0.35749899999999996,USD
684,Mozambique,1997,0.39849,USD
685,Mozambique,1998,0.032724,USD
686,Mozambique,1999,0.293394,USD
687,Mozambique,2000,0.19031700000000001,USD
688,Mozambique,2001,0.204871,USD
689,Mozambique,2002,0.198502,USD
690,Mozambique,2003,0.224649,USD
691,Mozambique,2004,0.243896,USD
692,Mozambique,2005,0.22760500000000003,USD
693,Mozambique,2006,0.225266,USD
694,Mozambique,2007,0.23767399999999997,USD
695,Mozambique,2008,0.319996,USD
696,Mozambique,2009,0.26866999999999996,USD
697,Mozambique,2010,0.196461,USD
698,Mozambique,2011,0.284736,USD
699,Mozambique,2012,0.35896,USD
700,Mozambique,2013,0.332548,USD
701,Nepal,1995,0.04106,USD
702,Nepal,1996,0.042768,USD
703,Nepal,1997,0.0555,USD
704,Nepal,1998,0.069587,USD
705,Nepal,1999,0.056463,USD
706,Nepal,2000,0.089101,USD
707,Nepal,2001,0.100935,USD
708,Nepal,2002,0.160639,USD
709,Nepal,2003,0.22221799999999997,USD
710,Nepal,2004,0.281105,USD
711,Nepal,2005,0.342173,USD
712,Nepal,2006,0.414112,USD
713,Nepal,2007,0.73733,USD
714,Nepal,2008,0.775204,USD
715,Nepal,2009,0.37311700000000003,USD
716,Nepal,2010,0.45256499999999994,USD
717,Nepal,2011,0.586544,USD
718,Nepal,2012,0.5605100000000001,USD
719,Nepal,2013,0.44842600000000005,USD
720,Nicaragua,1991,54.096090000000004,USD
721,Nicaragua,1992,43.365671999999996,USD
722,Nicaragua,1993,44.329812,USD
723,Nicaragua,1994,48.598168,USD
724,Nicaragua,1995,70.02069499999999,USD
725,Nicaragua,1996,56.801021999999996,USD
726,Nicaragua,1997,122.667414,USD
727,Nicaragua,1998,153.53956200000002,USD
728,Nicaragua,1999,131.937489,USD
729,Nicaragua,2000,99.701716,USD
730,Nicaragua,2001,85.881155,USD
731,Nicaragua,2002,86.26538000000001,USD
732,Nicaragua,2003,187.617922,USD
733,Nicaragua,2004,118.672698,USD
734,Nicaragua,2005,209.244596,USD
735,Nicaragua,2006,147.09941899999998,USD
736,Nicaragua,2007,225.92919700000002,USD
737,Nicaragua,2008,238.48669500000003,USD
738,Nicaragua,2009,266.959207,USD
739,Nicaragua,2010,268.278544,USD
740,Nicaragua,2011,385.051382,USD
741,Nicaragua,2012,270.32282000000004,USD
742,Nicaragua,2013,245.69615299999998,USD
743,Nigeria,1991,2.825574,USD
744,Nigeria,1992,5.145493,USD
745,Nigeria,1993,8.474217,USD
746,Nigeria,1994,13.755097,USD
747,Nigeria,1995,6.954302,USD
748,Nigeria,1996,5.1631029999999996,USD
749,Nigeria,1997,3.143869,USD
750,Nigeria,1998,6.836887,USD
751,Nigeria,1999,5.482569,USD
752,Nigeria,2000,4.9900519999999995,USD
753,Nigeria,2001,5.8620410000000005,USD
754,Nigeria,2002,7.262980000000001,USD
755,Nigeria,2003,6.872785,USD
756,Nigeria,2004,6.276541,USD
757,Nigeria,2005,7.711256,USD
758,Nigeria,2006,9.253936,USD
759,Nigeria,2007,4.0708779999999996,USD
760,Nigeria,2008,7.880097,USD
761,Nigeria,2009,2.2797330000000002,USD
762,Nigeria,2010,1.118099,USD
763,Nigeria,2011,1.093551,USD
764,Nigeria,2012,1.0798590000000001,USD
765,Nigeria,2013,0.906818,USD
766,Panama,1991,24.71322,USD
767,Panama,1992,20.66416,USD
768,Panama,1993,23.78021,USD
769,Panama,1994,21.0288,USD
770,Panama,1995,23.87208,USD
771,Panama,1996,16.324997,USD
772,Panama,1997,22.275132,USD
773,Panama,1998,30.291315,USD
774,Panama,1999,28.2564,USD
775,Panama,2000,23.207065,USD
776,Panama,2001,24.434954,USD
777,Panama,2002,17.41531,USD
778,Panama,2003,16.591867999999998,USD
779,Panama,2004,21.800632999999998,USD
780,Panama,2005,18.006457,USD
781,Panama,2006,19.728384,USD
782,Panama,2007,15.65165,USD
783,Panama,2008,19.373096,USD
784,Panama,2009,19.648876,USD
785,Panama,2010,21.0743,USD
786,Panama,2011,17.758726,USD
787,Panama,2012,26.342046999999997,USD
788,Panama,2013,20.779572,USD
789,Paraguay,1991,3.7238230000000003,USD
790,Paraguay,1992,3.556054,USD
791,Paraguay,1993,3.4251519999999998,USD
792,Paraguay,1994,8.14076,USD
793,Paraguay,1995,2.8176189999999997,USD
794,Paraguay,1996,4.842155,USD
795,Paraguay,1997,4.761297,USD
796,Paraguay,1998,3.961612,USD
797,Paraguay,1999,3.056146,USD
798,Paraguay,2000,2.304023,USD
799,Paraguay,2001,1.2341540000000002,USD
800,Paraguay,2002,0.47179,USD
801,Paraguay,2003,0.578167,USD
802,Paraguay,2004,0.6756979999999999,USD
803,Paraguay,2005,0.704116,USD
804,Paraguay,2006,0.805944,USD
805,Paraguay,2007,0.99384,USD
806,Paraguay,2008,0.11421600000000001,USD
807,Paraguay,2009,0.10630799999999999,USD
808,Paraguay,2010,0.199955,USD
809,Paraguay,2011,0.31250700000000003,USD
810,Paraguay,2012,0.203628,USD
811,Paraguay,2013,0.21808400000000003,USD
812,Peru,1991,60.973397999999996,USD
813,Peru,1992,41.668013,USD
814,Peru,1993,45.63613,USD
815,Peru,1994,133.16082,USD
816,Peru,1995,175.94276599999998,USD
817,Peru,1996,146.754457,USD
818,Peru,1997,323.712901,USD
819,Peru,1998,212.944891,USD
820,Peru,1999,178.836916,USD
821,Peru,2000,190.00357,USD
822,Peru,2001,131.49903500000002,USD
823,Peru,2002,113.751628,USD
824,Peru,2003,137.82775,USD
825,Peru,2004,185.799082,USD
826,Peru,2005,265.533095,USD
827,Peru,2006,344.598027,USD
828,Peru,2007,346.06338,USD
829,Peru,2008,472.775633,USD
830,Peru,2009,436.58740199999994,USD
831,Peru,2010,578.827096,USD
832,Peru,2011,1107.5242,USD
833,Peru,2012,768.3673759999999,USD
834,Peru,2013,463.75551500000006,USD
835,Philippines,1991,94.768327,USD
836,Philippines,1992,103.653035,USD
837,Philippines,1993,98.046199,USD
838,Philippines,1994,191.443504,USD
839,Philippines,1995,274.070556,USD
840,Philippines,1996,205.675488,USD
841,Philippines,1997,174.066708,USD
842,Philippines,1998,142.380821,USD
843,Philippines,1999,148.078887,USD
844,Philippines,2000,86.328413,USD
845,Philippines,2001,67.871437,USD
846,Philippines,2002,70.662313,USD
847,Philippines,2003,80.512313,USD
848,Philippines,2004,76.06588,USD
849,Philippines,2005,87.145977,USD
850,Philippines,2006,93.063281,USD
851,Philippines,2007,115.838233,USD
852,Philippines,2008,127.49108400000001,USD
853,Philippines,2009,112.65422,USD
854,Philippines,2010,120.642749,USD
855,Philippines,2011,134.28162,USD
856,Philippines,2012,141.200779,USD
857,Philippines,2013,134.260403,USD
858,Puerto Rico,1991,50.524578000000005,USD
859,Puerto Rico,1992,63.09856800000001,USD
860,Puerto Rico,1993,76.733733,USD
861,Puerto Rico,1994,62.829440000000005,USD
862,Puerto Rico,1995,62.702296999999994,USD
863,Puerto Rico,1996,59.978919999999995,USD
864,Puerto Rico,1997,56.863372,USD
865,Puerto Rico,1998,68.491802,USD
866,Puerto Rico,1999,33.641999999999996,USD
867,Puerto Rico,2000,37.64475,USD
868,Puerto Rico,2001,38.53575,USD
869,Puerto Rico,2002,39.6568,USD
870,Puerto Rico,2003,39.559,USD
871,Puerto Rico,2004,44.763515999999996,USD
872,Puerto Rico,2005,33.879384,USD
873,Puerto Rico,2006,50.488,USD
874,Puerto Rico,2007,49.4667,USD
875,Puerto Rico,2008,41.240190000000005,USD
876,Puerto Rico,2009,36.678835,USD
877,Puerto Rico,2010,36.483534999999996,USD
878,Puerto Rico,2011,30.546508000000003,USD
879,Puerto Rico,2012,28.513890000000004,USD
880,Puerto Rico,2013,26.289794,USD
881,Rwanda,1991,30.032538,USD
882,Rwanda,1992,33.334383,USD
883,Rwanda,1993,24.846293,USD
884,Rwanda,1994,1.343404,USD
885,Rwanda,1995,35.751862,USD
886,Rwanda,1996,14.518259,USD
887,Rwanda,1997,18.886092,USD
888,Rwanda,1998,14.113307,USD
889,Rwanda,1999,16.765029000000002,USD
890,Rwanda,2000,9.542402000000001,USD
891,Rwanda,2001,8.540554,USD
892,Rwanda,2002,5.394513,USD
893,Rwanda,2003,6.419079,USD
894,Rwanda,2004,12.999201,USD
895,Rwanda,2005,16.669276999999997,USD
896,Rwanda,2006,24.168117000000002,USD
897,Rwanda,2007,16.106992,USD
898,Rwanda,2008,24.633141000000002,USD
899,Rwanda,2009,27.270849,USD
900,Rwanda,2010,26.503826,USD
901,Rwanda,2011,31.194840999999997,USD
902,Rwanda,2012,31.162419,USD
903,Rwanda,2013,27.730978000000004,USD
904,Spain,1991,0.07747000000000001,USD
905,Spain,1992,0.059449,USD
906,Spain,1993,0.047826,USD
907,Spain,1994,0.045138,USD
908,Sri Lanka,1991,6.162025,USD
909,Sri Lanka,1992,6.446182,USD
910,Sri Lanka,1993,6.214092,USD
911,Sri Lanka,1994,10.860198,USD
912,Sri Lanka,1995,20.730123000000003,USD
913,Sri Lanka,1996,17.651241,USD
914,Sri Lanka,1997,11.245165,USD
915,Sri Lanka,1998,10.927999,USD
916,Sri Lanka,1999,11.055494,USD
917,Sri Lanka,2000,9.452442999999999,USD
918,Sri Lanka,2001,6.624053999999999,USD
919,Sri Lanka,2002,5.600427,USD
920,Sri Lanka,2003,4.587989,USD
921,Sri Lanka,2004,4.175528,USD
922,Sri Lanka,2005,4.588304,USD
923,Sri Lanka,2006,5.680777,USD
924,Sri Lanka,2007,12.691941,USD
925,Sri Lanka,2008,12.490847,USD
926,Sri Lanka,2009,10.455258,USD
927,Sri Lanka,2010,10.134775999999999,USD
928,Sri Lanka,2011,11.639839,USD
929,Sri Lanka,2012,11.491817,USD
930,Sri Lanka,2013,10.011875,USD
931,Suriname,1991,0.120371,USD
932,Suriname,1992,0.099872,USD
933,Suriname,1993,0.07696,USD
934,Suriname,1994,0.087605,USD
935,Suriname,1995,0.079047,USD
936,Suriname,1996,0.065832,USD
937,Suriname,1997,0.06375,USD
938,Suriname,1998,0.046563,USD
939,Suriname,1999,0.035968,USD
940,Suriname,2000,0.0076040000000000005,USD
941,Suriname,2001,0.003303,USD
942,Suriname,2002,0.0030280000000000003,USD
943,Suriname,2003,0.003714,USD
944,Suriname,2004,0.0034,USD
945,Suriname,2005,0.004856,USD
946,Suriname,2006,0.007223,USD
947,Suriname,2007,0.012995,USD
948,Suriname,2008,0.014703,USD
949,Suriname,2009,0.013616999999999999,USD
950,Suriname,2010,0.013269999999999999,USD
951,Suriname,2011,0.013356,USD
952,Suriname,2012,0.009695,USD
953,Suriname,2013,0.007254999999999999,USD
954,Thailand,1991,45.701739,USD
955,Thailand,1992,59.782830000000004,USD
956,Thailand,1993,68.090638,USD
957,Thailand,1994,79.853662,USD
958,Thailand,1995,196.52793400000002,USD
959,Thailand,1996,127.38747099999999,USD
960,Thailand,1997,82.91660999999999,USD
961,Thailand,1998,120.569607,USD
962,Thailand,1999,70.386439,USD
963,Thailand,2000,48.862382000000004,USD
964,Thailand,2001,60.472795,USD
965,Thailand,2002,33.901953999999996,USD
966,Thailand,2003,41.348357,USD
967,Thailand,2004,42.443613,USD
968,Thailand,2005,42.634496,USD
969,Thailand,2006,45.15064,USD
970,Thailand,2007,73.480878,USD
971,Thailand,2008,90.562507,USD
972,Thailand,2009,112.266103,USD
973,Thailand,2010,88.838563,USD
974,Thailand,2011,98.631007,USD
975,Thailand,2012,92.157515,USD
976,Thailand,2013,87.008167,USD
977,Timor-Leste,2008,17.51125,USD
978,Timor-Leste,2009,15.183,USD
979,Timor-Leste,2010,21.488716,USD
980,Timor-Leste,2011,17.379066,USD
981,Timor-Leste,2012,21.841772,USD
982,Timor-Leste,2013,26.550261,USD
983,Togo,1991,15.446272,USD
984,Togo,1992,4.403233999999999,USD
985,Togo,1993,5.438572,USD
986,Togo,1994,6.68222,USD
987,Togo,1995,15.730792000000001,USD
988,Togo,1996,32.841208,USD
989,Togo,1997,13.433062,USD
990,Togo,1998,24.725185,USD
991,Togo,1999,19.852229,USD
992,Togo,2000,7.4721589999999996,USD
993,Togo,2001,5.925064,USD
994,Togo,2002,3.49102,USD
995,Togo,2003,2.4414990000000003,USD
996,Togo,2004,4.964368,USD
997,Togo,2005,6.811407000000001,USD
998,Togo,2006,8.425288,USD
999,Togo,2007,14.010151,USD
1000,Togo,2008,11.413302999999999,USD
1001,Togo,2009,10.382131,USD
1002,Togo,2010,9.728899,USD
1003,Togo,2011,11.099547,USD
1004,Togo,2012,8.899071000000001,USD
1005,Togo,2013,9.286798,USD
1006,Trinidad and Tobago,1991,1.273793,USD
1007,Trinidad and Tobago,1992,1.090943,USD
1008,Trinidad and Tobago,1993,1.4430290000000001,USD
1009,Trinidad and Tobago,1994,1.456649,USD
1010,Trinidad and Tobago,1995,1.22349,USD
1011,Trinidad and Tobago,1996,0.504166,USD
1012,Trinidad and Tobago,1997,1.501667,USD
1013,Trinidad and Tobago,1998,0.48987299999999995,USD
1014,Trinidad and Tobago,1999,0.6002460000000001,USD
1015,Trinidad and Tobago,2000,0.9379360000000001,USD
1016,Trinidad and Tobago,2001,0.524597,USD
1017,Trinidad and Tobago,2002,0.257488,USD
1018,Trinidad and Tobago,2003,0.57603,USD
1019,Trinidad and Tobago,2004,0.124883,USD
1020,Trinidad and Tobago,2005,0.385626,USD
1021,Trinidad and Tobago,2006,0.905769,USD
1022,Trinidad and Tobago,2007,0.081941,USD
1023,Trinidad and Tobago,2008,0.092842,USD
1024,Trinidad and Tobago,2009,0.213956,USD
1025,Trinidad and Tobago,2010,0.080131,USD
1026,Trinidad and Tobago,2011,0.12059600000000001,USD
1027,Trinidad and Tobago,2012,0.09534400000000001,USD
1028,Trinidad and Tobago,2013,0.09866699999999999,USD
1029,United States of America,1991,3.919728,USD
1030,United States of America,1992,3.264508,USD
1031,United States of America,1993,5.23776,USD
1032,United States of America,1994,9.62988,USD
1033,United States of America,1995,12.96344,USD
1034,United States of America,1996,16.6228,USD
1035,United States of America,1997,21.56164,USD
1036,United States of America,1998,19.7754,USD
1037,United States of America,1999,16.8069,USD
1038,United States of America,2000,23.0759,USD
1039,United States of America,2001,19.605629999999998,USD
1040,United States of America,2002,23.2356,USD
1041,United States of America,2003,24.037679999999998,USD
1042,United States of America,2004,19.87804,USD
1043,United States of America,2005,37.305289,USD
1044,United States of America,2006,31.388279999999998,USD
1045,United States of America,2007,37.4782,USD
1046,United States of America,2008,29.6092,USD
1047,United States of America,2009,31.35115,USD
1048,United States of America,2010,28.58835,USD
1049,United States of America,2011,31.536603000000003,USD
1050,United States of America,2012,41.297225,USD
1051,United States of America,2013,43.399075,USD
1052,Vanuatu,1999,0.03468,USD
1053,Vanuatu,2000,0.043591000000000005,USD
1054,Vanuatu,2001,0.020645,USD
1055,Vanuatu,2002,0.028366000000000002,USD
1056,Vanuatu,2003,0.025832,USD
1057,Vanuatu,2004,0.027988,USD
1058,Vanuatu,2005,0.028193,USD
1059,Vanuatu,2006,0.030824,USD
1060,Vanuatu,2007,0.033395,USD
1061,Vanuatu,2008,0.032566000000000005,USD
1062,Vanuatu,2009,0.031695,USD
1063,Vanuatu,2010,0.062628,USD
1064,Vanuatu,2011,0.133012,USD
1065,Vanuatu,2012,0.117469,USD
1066,Vanuatu,2013,0.13643,USD
1067,Venezuela (Bolivarian Republic of),1991,87.223677,USD
1068,Venezuela (Bolivarian Republic of),1992,81.723519,USD
1069,Venezuela (Bolivarian Republic of),1993,60.650553,USD
1070,Venezuela (Bolivarian Republic of),1994,51.834573999999996,USD
1071,Venezuela (Bolivarian Republic of),1995,201.260402,USD
1072,Venezuela (Bolivarian Republic of),1996,121.480199,USD
1073,Venezuela (Bolivarian Republic of),1997,180.121809,USD
1074,Venezuela (Bolivarian Republic of),1998,131.522663,USD
1075,Venezuela (Bolivarian Republic of),1999,157.72128999999998,USD
1076,Venezuela (Bolivarian Republic of),2000,145.970153,USD
1077,Venezuela (Bolivarian Republic of),2001,112.795446,USD
1078,Venezuela (Bolivarian Republic of),2002,60.770088,USD
1079,Venezuela (Bolivarian Republic of),2003,44.700326000000004,USD
1080,Venezuela (Bolivarian Republic of),2004,97.317297,USD
1081,Venezuela (Bolivarian Republic of),2005,102.126487,USD
1082,Venezuela (Bolivarian Republic of),2006,171.932305,USD
1083,Venezuela (Bolivarian Republic of),2007,186.10804299999998,USD
1084,Venezuela (Bolivarian Republic of),2008,212.955007,USD
1085,Venezuela (Bolivarian Republic of),2009,266.664453,USD
1086,Venezuela (Bolivarian Republic of),2010,316.78139500000003,USD
1087,Venezuela (Bolivarian Republic of),2011,249.81692599999997,USD
1088,Venezuela (Bolivarian Republic of),2012,326.363896,USD
1089,Venezuela (Bolivarian Republic of),2013,328.204223,USD
1090,Viet Nam,1991,52.879477,USD
1091,Viet Nam,1992,45.461131,USD
1092,Viet Nam,1993,62.206487,USD
1093,Viet Nam,1994,87.629498,USD
1094,Viet Nam,1995,126.942408,USD
1095,Viet Nam,1996,216.91394900000003,USD
1096,Viet Nam,1997,260.848471,USD
1097,Viet Nam,1998,218.834367,USD
1098,Viet Nam,1999,278.165735,USD
1099,Viet Nam,2000,397.87551,USD
1100,Viet Nam,2001,185.569269,USD
1101,Viet Nam,2002,119.601018,USD
1102,Viet Nam,2003,94.8781,USD
1103,Viet Nam,2004,95.059342,USD
1104,Viet Nam,2005,306.380133,USD
1105,Viet Nam,2006,391.366329,USD
1106,Viet Nam,2007,1459.165017,USD
1107,Viet Nam,2008,1164.858633,USD
1108,Viet Nam,2009,1220.332148,USD
1109,Viet Nam,2010,1386.6905199999999,USD
1110,Viet Nam,2011,2163.676036,USD
1111,Viet Nam,2012,2100.832164,USD
1112,Viet Nam,2013,2116.903957,USD
1113,Yemen,1991,10.384091999999999,USD
1114,Yemen,1992,16.179605,USD
1115,Yemen,1993,14.899038000000001,USD
1116,Yemen,1994,12.742633,USD
1117,Yemen,1995,13.670677,USD
1118,Yemen,1996,16.184471,USD
1119,Yemen,1997,16.277831,USD
1120,Yemen,1998,19.132925,USD
1121,Yemen,1999,18.4564,USD
1122,Yemen,2000,18.692995,USD
1123,Yemen,2001,18.776121,USD
1124,Yemen,2002,18.288966000000002,USD
1125,Yemen,2003,34.336643,USD
1126,Yemen,2004,37.034065999999996,USD
1127,Yemen,2005,43.804691,USD
1128,Yemen,2006,66.937611,USD
1129,Yemen,2007,74.525012,USD
1130,Yemen,2008,76.325,USD
1131,Yemen,2009,114.845368,USD
1132,Yemen,2010,128.338945,USD
1133,Yemen,2011,156.27183300000002,USD
1134,Yemen,2012,142.446806,USD
1135,Yemen,2013,159.030201,USD
